,Estimated Earnings,Actual Earnings,Evenly Weighted Avg,Transaction Costs,Strategy Portfolio Growth,Avg Mean Portfolio Growth,Percentage Growth Difference,Strategy Annual Return,Avg Mean Annual Return,Annual Return Diference
2017-11-30,0.011142069262931297,0.01856078987150538,3.723970749132254e-05,0.0008,1.0185607898715054,1.0000372397074913,0.018522860378111808,0.3219004550745403,0.0007895437248391384,0.32111091134970116
2017-12-01,0.009075464071623757,0.006769049988436172,2.7301856481058932e-05,0.0008,1.0254554787744066,1.0000645425806856,0.02538929750293838,0.35966463409418276,0.0008910625295396725,0.35877357156464307
2017-12-04,0.009902262215156075,0.026423298141524002,4.8219443215643935e-05,0.0008,1.052551394620922,1.0001127651361086,0.052432716902355334,0.39063406556363645,0.0009585178423053574,0.38967554772133106
2017-12-05,0.008721730126034888,0.01539534955641188,4.419516467729287e-05,0.0008,1.0687557912671999,1.0001569652844595,0.06858806003838591,0.39461466045601945,0.0010125852329935208,0.3936020752230259
2017-12-06,0.010023382007077234,0.05331261567621203,0.00010018591895559012,0.0008,1.125733958018754,1.0002571669291263,0.12544453090483926,0.3666141464129972,0.0010024943024949536,0.3656116521105023
2017-12-07,0.008414806452443737,0.030968996913423207,7.56024434819201e-05,0.0008,1.1605968094899726,1.0003327888150564,0.16021070434445805,0.32186537531609105,0.0010205271670798903,0.32084484814901115
2017-12-08,0.010722002350291724,0.0310008565196563,4.05147733025374e-05,0.0008,1.196576304658142,1.0003733170712223,0.19612976899597848,0.32976171843867824,0.0010703958265831806,0.32869132261209505
2017-12-11,0.00884627629534049,0.029023297675432626,3.502338024044862e-05,0.0008,1.2313048949396042,1.0004083535262884,0.23080229248330472,0.2876536352369315,0.0010931648959382825,0.2865604703409932
2017-12-12,0.009594035251365958,0.00957818112117336,1.7456356022412357e-05,0.0008,1.243098556238723,1.0004258170106755,0.24256944903038014,0.36192857595279154,0.0011611219148770211,0.36076745403791455
2017-12-13,0.008463449316360797,-0.00045751668441193635,3.086929360056011e-05,0.0008,1.2425298179088753,1.0004566994489463,0.24196261426732746,0.3889083707509641,0.0012142901558970375,0.3876940805950671
2017-12-14,0.0092531785795709,0.03411287597875885,0.00010288633766518599,0.0008,1.2849160834871105,1.000559632774745,0.28419740453029285,0.39878389471386533,0.0011557415935647601,0.3976281531203006
2017-12-15,0.00817587652381496,0.00850648617291677,0.0001449614938819819,0.0008,1.295846204384652,1.00070467539383,0.2949336964721067,0.37658229120805237,0.0010199862663167179,0.37556230494173565
2017-12-18,0.010265084665949274,0.03903994709896724,0.00012205143423524732,0.0008,1.3464359716522263,1.0008268128347078,0.34532364079917777,0.32815544160960636,0.0008707864069077163,0.3272846552026986
2017-12-19,0.009373788511265722,0.03553052479483875,0.00012874334034651953,0.0008,1.3942755483276785,1.0009556626217004,0.39294436346540634,0.26265858460827773,0.000706395545682848,0.2619521890625949
2017-12-20,0.009092909303040258,0.049802405896004646,0.00011561795235286122,0.0008,1.4637138251163682,1.001071391065809,0.4621472935691415,0.17859127842246286,0.0005544984911981995,0.17803677993126465
2017-12-21,0.009284455533682363,0.018301849290801347,9.821316766309317e-05,0.0008,1.4905024949485104,1.0011697094581822,0.48876107703572824,0.12978497813078183,0.0004062402661191046,0.12937873786466272
2017-12-22,0.008146898288556007,0.03216462725818517,9.010418610156788e-05,0.0008,1.5384439521259243,1.0012599190400024,0.5365080763454192,0.042355977836427625,0.00024217633386427459,0.04211380150256335
2017-12-25,0.008862799557881046,-0.002789321608287354,9.361861029087929e-05,0.0008,1.5341527371671204,1.001353655602163,0.532078830075833,0.030019677701390177,0.00010854071062559906,0.029911136990764576
2017-12-26,0.010045772993571294,0.037159680765138564,9.033461072562889e-05,0.0008,1.5911613631252142,1.0014441124948406,0.5888668606391271,-0.020368440887322002,-2.5724093530035967e-05,-0.020342716793791966
2017-12-27,0.009244182431202825,-0.003561636929188611,5.776890033541428e-05,0.0008,1.5854942240540093,1.0015019648199668,0.5831164388569351,-0.058012688335165576,-0.00016667329919126,-0.057846015035974314
2017-12-28,0.010011975316001695,0.06781306471003795,8.534035284082694e-05,0.0008,1.693011446467175,1.0015874333510153,0.6903281631668037,-0.18142862820915398,-0.0004545679855340014,-0.18097406022361998
2017-12-29,0.009509637550474697,0.019343412356998522,8.397751077173995e-05,0.0008,1.725760065001308,1.0016715441704884,0.7228801946554817,-0.279623509429486,-0.0007377731053723539,-0.2788857363241136
2018-01-04,0.009006325648039817,0.04146570551174766,4.440276750913669e-05,0.0008,1.7973199236405866,1.0017160211591847,0.794240968174523,-0.34970124176427086,-0.0009866550213198683,-0.34871458674295097
2018-01-05,0.008482914598214326,-0.0075006048607071454,9.34322701066359e-06,0.0008,1.7838389370850822,1.0017253804193706,0.7807664375422744,-0.41636270989675706,-0.001243178820479731,-0.4151195310762773
2018-01-09,0.009394002150774624,0.0024875146244933825,-2.701458993300517e-05,0.0008,1.788276262528822,1.001698319218993,0.7852443477424523,-0.4495635051140982,-0.0014647524727151827,-0.44809875264138305
2018-01-10,0.008679538277158083,-0.015535783092136895,-3.552564191014813e-05,0.0008,1.760493990405357,1.0016627332432024,0.7575716176493822,-0.5173716169077908,-0.0016808703123685745,-0.5156907465954222
2018-01-11,0.00786610165328969,-0.020093020600813635,-3.618942810066626e-05,0.0008,1.7251203483885336,1.0016264836417366,0.7223190246690576,-0.5418541574503842,-0.001872010866743222,-0.539982146583641
2018-01-12,0.009070055179127042,-0.02386675211831771,-4.997744685400177e-05,0.0008,1.6839473286592785,1.0015764249073829,0.6812968903646024,-0.5635161366824825,-0.001997679152673394,-0.5615184575298091
2018-01-15,0.007183981263659879,-0.04770997122486495,-7.390790068662002e-05,0.0008,1.603606250064756,1.0015024004964408,0.6012006054801814,-0.5489234765656502,-0.00203139298986804,-0.5468920835757822
2018-01-16,0.008666714951512236,-0.014591326382164092,-3.999716515050122e-05,0.0008,1.580207507881583,1.0014623432395295,0.5779000763722468,-0.5694264346257333,-0.0021487813096389675,-0.5672776533160944
2018-01-17,0.008718550960946725,-0.013577723695376303,-4.3927749256623536e-05,0.0008,1.5587518869582075,1.0014183512528256,0.556544160597945,-0.5811022079823345,-0.0022539783713242745,-0.5788482296110102
2018-01-18,0.009037808532556101,-0.04185171849815871,-8.319207389965053e-05,0.0008,1.4935154417767589,1.0013350411833437,0.49152419554974636,-0.5969453516855497,-0.0022900680005551173,-0.5946552836849947
2018-01-19,0.007846480252588963,-0.07208813285280513,-0.00020262689898800708,0.0008,1.38585070219224,1.0011321437691008,0.38428349425954494,-0.5701043055142252,-0.0020727542682330547,-0.5680315512459921
2018-01-22,0.008757628928707763,-0.10293585216228224,-0.00019938019727012865,0.0008,1.2431969791923845,1.0009325378447826,0.24203873107097498,-0.4971643147232236,-0.0018416682476151767,-0.4953226464756084
2018-01-23,0.007744739479618987,-0.05984736605852204,-0.00020467396159625835,0.0008,1.168794914495809,1.0007276730169714,0.1679450324104181,-0.4653021941654282,-0.0016058985742237245,-0.46369629559120445
2018-01-24,0.008698445195116224,-0.10924071425302236,-0.0002474363217403489,0.0008,1.0411149232209866,1.0004800566424963,0.040615368900862064,-0.3804868136274169,-0.001304330261347198,-0.3791824833660697
2018-01-25,0.009187797705660118,-0.05453999757422407,-0.00024885804753524464,0.0008,0.9843325178340255,1.0002310791290023,-0.01589488831802868,-0.35080412732117455,-0.0010183106073006548,-0.3497858167138739
2018-01-26,0.009274100818904625,-0.13681164379031932,-0.000251952816077004,0.0008,0.8496643680328887,0.999979068091888,-0.15031784649834978,-0.25513351761175196,-0.0007759326371756207,-0.25435758497457633
2018-01-29,0.008808985957575581,-0.06980127065731162,-0.00022764487698828656,0.0008,0.7903567155119513,0.9997514279799414,-0.2094467750759655,-0.23308898750483228,-0.0006072556713018661,-0.2324817318335304
2018-01-30,0.009717014412492182,-0.07002012988488263,-0.00017587513404262003,0.0008,0.7350158356364153,0.9995755965635362,-0.26467208867108905,-0.18402358797318402,-0.00048525759942223413,-0.1835383303737618
2018-01-31,0.009403345496331145,-0.015872723870648246,-0.00010768672541622641,0.0008,0.7233491322368047,0.9994679555407363,-0.27626580899689235,-0.23047936805942934,-0.0004993710756224709,-0.22997999698380686
2018-02-01,0.009237956658682692,-0.059381493144565034,-0.0001576197273697319,0.0008,0.6803955806997578,0.9993104196740692,-0.3191349081282744,-0.19683994892777212,-0.000442656019664745,-0.19639729290810737
2018-02-02,0.009023447866084612,-0.04032633034061784,-0.00014934671216911103,0.0008,0.6529577237501629,0.9991611759484545,-0.3464940997829081,-0.20565022322857598,-0.00038064994173871305,-0.20526957328683726
2018-02-05,0.01029292440416955,-0.07808986823799388,-0.00011936022298521395,0.0008,0.6019683411375323,0.9990419158476952,-0.39745436944279033,-0.1336411510884105,-0.000279601961073014,-0.13336154912733747
2018-02-06,0.010546198003552755,-0.01029471259782547,1.5141504178009003e-05,0.0008,0.5957712500725316,0.999057042845038,-0.40366643292364973,-0.15487883851818357,-0.0003246000616416964,-0.15455423845654187
2018-02-07,0.011278191147680182,0.04926816272204466,3.213963308801192e-05,0.0008,0.625123804966221,0.999089152171829,-0.37430628327079596,-0.2265097753134957,-0.00042173913685125024,-0.22608803617664444
2018-02-08,0.008346958483011705,-0.0002747115264875099,3.14823775133784e-05,0.0008,0.624952076251515,0.9991206058736872,-0.3744978608413127,-0.27558079442899425,-0.000543072424024023,-0.27503772200497023
2018-02-09,0.010833959281592715,0.032054213393961924,5.454231925102853e-05,0.0008,0.6449844234646807,0.9991751002287431,-0.3544830897837395,-0.3106207258746112,-0.0006636493608799429,-0.3099570765137313
2018-02-13,0.008824349103300213,-0.009240247246996238,3.746388658197112e-05,0.0008,0.6390246079214057,0.9992125332113735,-0.3604717848487731,-0.326152211763024,-0.0007500286964780149,-0.325402183066546
2018-02-14,0.011042526282769723,-0.009605418661543907,-9.388908364020767e-06,0.0008,0.6328865090272916,0.999203151696463,-0.3666087742489935,-0.31106805652440694,-0.0007315874413797814,-0.31033646908302714
2018-02-15,0.009591075275128988,-0.04227178130686329,-5.887535578188859e-05,0.0008,0.6061332689256258,0.9991443232554085,-0.3933476327516684,-0.27158137621228806,-0.0006288806462700595,-0.270952495566018
2018-02-16,0.009787774132880516,-0.010521918045244837,-5.382440259126418e-05,0.0008,0.599755584345494,0.9990905449091068,-0.3996984683704945,-0.28811781521272173,-0.0006589558373343458,-0.2874588593753874
2018-02-19,0.00897690883122555,-0.07190179486202665,-0.00012180553304118072,0.0008,0.5566320813525294,0.9989688501527277,-0.44279335510068357,-0.2391263994910356,-0.0005947808178644727,-0.23853161867317113
2018-02-20,0.00919340969121575,-0.01826256938639459,-0.00010088527928130156,0.0008,0.5464665493441356,0.9988680689012868,-0.45291418721070337,-0.20844593117220198,-0.0004900942350208625,-0.20795583693718112
2018-02-21,0.009998809091369121,-0.050853482752731216,-8.732243922910762e-05,0.0008,0.5186768221021191,0.9987808453050422,-0.4806900587448615,-0.15288471487764585,-0.0004139985862260033,-0.15247071629141984
2018-02-22,0.010591416072253867,0.005482753201670153,-1.8285829466907505e-05,0.0008,0.5215205991091315,0.99876258176883,-0.47783326224986594,-0.15820046594699708,-0.000438087532039659,-0.1577623784149574
2018-02-23,0.010042114157312407,-0.034556081391885124,-2.986986299610884e-05,0.0008,0.5034988908387716,0.998732748867347,-0.4958622400138728,-0.12939125775998903,-0.000435731406702569,-0.12895552635328647
2018-02-26,0.00944631032459616,-0.039665903623533776,-6.503410673773596e-05,0.0008,0.48352715236020477,0.9986677971751546,-0.5158278321100206,-0.08918638944248265,-0.00039429613295397404,-0.08879209330952868
2018-02-27,0.009386306873309451,-0.06369831686140179,-8.990592371717823e-05,0.0008,0.45272728659807315,0.998578011024363,-0.5466280234494092,-0.032137717730393575,-0.0003333440454954599,-0.031804373684898114
2018-02-28,0.009606710208194478,-0.01786592760641358,-6.610671531424636e-05,0.0008,0.44463889367026393,0.9985119983120692,-0.554698496941547,0.03212284948537825,-0.0002850292813758886,0.03240787876675414
2018-03-01,0.0112060486160799,-0.03156173513653751,-4.897605093111534e-05,0.0008,0.43060531867684,0.9984630951375845,-0.5687318632267483,0.08707611351166125,-0.00020292293257771857,0.08727903644423897
2018-03-02,0.010852559988628415,0.012564670597754296,9.066015313257694e-06,0.0008,0.43601573266365545,0.9984721472192948,-0.5633170801229239,0.11629209954030376,-0.00018949261606056954,0.11648159215636432
2018-03-05,0.011837954434034218,0.012621170537763642,4.390058201413983e-05,0.0008,0.44151876158275144,0.9985159807276826,-0.5578250422582236,0.11676670429258718,-0.00020971696950125912,0.11697642126208843
2018-03-06,0.0100975107731623,-0.03298488564405177,-8.391689946532607e-05,0.0008,0.42695531572224105,0.9984321883625134,-0.5723742476467306,0.24831256365507778,1.3652096668875344e-05,0.2482989115584089
2018-03-07,0.011246142256062196,-0.008030488668218799,-5.759601920973612e-05,0.0008,0.42352665589749783,0.9983746826430128,-0.5757838582441923,0.32006744982695823,0.00019547494782788013,0.3198719748791303
2018-03-08,0.009368416447440374,0.02132372210434161,3.853038569577047e-06,0.0008,0.4325578206116372,0.9983785294191718,-0.5667396604940143,0.345913101014406,0.0002281807821743009,0.3456849202322317
2018-03-09,0.011513704199883887,0.015769552889162135,-1.1196126224748989e-05,0.0008,0.43937906404139315,0.9983673514471363,-0.5599024112672435,0.35476683763889794,0.00030574681151766315,0.35446109082738025
2018-03-12,0.009497379277531188,-0.0008267729211810043,-4.2384311531843114e-05,0.0008,0.43901579732910984,0.9983250363342894,-0.5602476334349834,0.41532261244234125,0.0004143240123950892,0.41490828842994615
2018-03-13,0.010280210733005639,-0.0015153469664955944,-2.7512775425458544e-05,0.0008,0.43835053607238356,0.9982975696417631,-0.5609019300430785,0.42402036092600626,0.0004752604471183708,0.4235451004788879
2018-03-14,0.009729475404438791,0.004682497687354081,-2.3583466349307777e-05,0.0008,0.4404031114437929,0.9982740263246228,-0.5588354501566678,0.4943222935016821,0.0005769644989799835,0.4937453290027021
2018-03-15,0.01015873191779929,-0.005053203606940492,-2.893527572153105e-05,0.0008,0.4381776648525373,0.9982451409904254,-0.561052043371038,0.5483119446004946,0.0007120771451373898,0.5475998674553572
2018-03-16,0.00951366655724375,0.04734220554446299,-1.777903538070484e-05,0.0008,0.4589219619269789,0.9982273931547451,-0.540263105306471,0.5691032707987173,0.0008371201244397139,0.5682661506742775
2018-03-19,0.011160636918128972,0.0200007738116293,3.3149684861843354e-05,0.0008,0.4681007562846696,0.9982604840782485,-0.531083556095187,0.5762656067663349,0.0008862004350728714,0.5753794063312619
2018-03-20,0.010033051172181886,0.039778105702786955,2.2499179486994985e-05,0.0008,0.48672091764771575,0.9982829441200546,-0.5124419178805661,0.5970023702479857,0.0009799569819604259,0.5960224132660253
2018-03-22,0.010838515225352681,0.013051698371829729,2.3671507452170973e-05,0.0008,0.4930734522561139,0.9983065749822058,-0.5060901484447274,0.6395792880607665,0.0010574901439923108,0.6385217979167742
2018-03-23,0.010444118764566383,0.08092147791918596,0.00013948027244321722,0.0008,0.5329736847353939,0.9984458190552662,-0.46619668832937183,0.5732811604802638,0.001005491537719247,0.5722756689425446
2018-03-26,0.010981710776075754,0.048989412792338344,0.00012421387759056115,0.0008,0.5590837525843496,0.9985698398820151,-0.4401155229659174,0.5425180950811138,0.000987966738698025,0.5415301283424158
2018-03-27,0.008709279018702838,0.04132025839832793,3.655260698637278e-05,0.0008,0.5821852377074418,0.9986063402129207,-0.41700226178885513,0.5563403092525162,0.0010749132753691713,0.5552653959771471
2018-03-28,0.009688824301520698,0.0224515266998639,6.635133983802903e-05,0.0008,0.595256185116097,0.9986725990815646,-0.40395262104564794,0.5417416897224467,0.001104827623814628,0.5406368620986322
2018-03-29,0.00903829081197099,0.043834571929911324,6.615510179623413e-05,0.0008,0.6213489851792932,0.9987386663690179,-0.37786629665771376,0.5350743684442105,0.001124520740138063,0.5339498477040725
2018-03-30,0.009695638049390571,0.0046207581875785456,3.339674648980185e-05,0.0008,0.624220088589904,0.9987720209910682,-0.3750124398053335,0.5388549913283647,0.0011858623598444695,0.5376691289685203
2018-04-02,0.009228429962311317,0.05428229495882567,7.806987516562666e-05,0.0008,0.6581041875579655,0.9988499949980659,-0.34113811798213023,0.523149811379848,0.0011568361522647217,0.5219929752275833
2018-04-03,0.009845720615652994,0.030894082084198134,0.00010609555291970384,0.0008,0.6784357123483358,0.9989559685405691,-0.32085523915583525,0.5566512298121794,0.0010943820404246522,0.5555568477717547
2018-04-04,0.008266111934986166,0.0614063180849496,0.00010717274547058362,0.0008,0.720095951500987,0.9990630293943219,-0.2792287069840404,0.5300463392316525,0.00104582886797233,0.5290005103636801
2018-04-05,0.010453271627598312,0.024656674009676784,8.21905693803189e-05,0.0008,0.7378511226328349,0.9991451429535547,-0.26151758046715146,0.5331298123920071,0.0010300254980464038,0.5320997868939606
2018-04-06,0.008997829731102181,0.053457039353817515,0.00011617482042622585,0.0008,0.7772944591326767,0.999261218461117,-0.22213086551109604,0.47873516470089605,0.0009545100730131562,0.4777806546278829
2018-04-09,0.009888562400970176,0.04006018608933855,0.00010113059823414111,0.0008,0.8084330198117435,0.9993622743459322,-0.19105109271725212,0.41058001691288254,0.0008927260924037097,0.40968729082047883
2018-04-10,0.008394854233791273,0.037213271448517556,8.752935097786177e-05,0.0008,0.8385174572259427,0.9994497478771974,-0.16102089273930006,0.33857147857450043,0.0008563392455757322,0.3377151393289247
2018-04-11,0.009065768342532667,0.02847805683171912,0.00010670450726971431,0.0008,0.8623968050272117,0.9995563936700855,-0.13722046050774883,0.33541545610315043,0.0008001938024420294,0.3346152623007084
2018-04-12,0.008185761628566627,0.05065133313806699,0.0001234165031397909,0.0008,0.9060783528958496,0.9996797554248834,-0.09363138747293266,0.28543200047226003,0.0007245103230167634,0.2847074901492433
2018-04-13,0.010012964780634912,0.012860834524449687,9.623555020616962e-05,0.0008,0.917731276658629,0.9997759601561766,-0.08206306889468651,0.3077438821940464,0.0006707973691807296,0.30707308482486567
2018-04-16,0.00854813322931737,0.03932046914681813,8.582778599471104e-05,0.0008,0.9538169010075546,0.9998617687133277,-0.04605123342702256,0.23349507198097816,0.0006001243112678185,0.23289494766971033
2018-04-17,0.009544948649108235,0.007094965500511235,9.467151006426332e-05,0.0008,0.9605841990140077,0.9999564271368273,-0.03937394375828355,0.21497946872222404,0.00048240403712677,0.21449706468509727
2018-04-18,0.008339949082035503,0.04352254615067406,4.907578451422826e-05,0.0008,1.0023912691472032,1.0000055007829691,0.002385755240712301,0.08137560088480247,0.0004169846970329834,0.08095861618776949
2018-04-19,0.00906644532963268,0.05356842031756594,4.370698832312662e-05,0.0008,1.0560877859755389,1.000049208011715,0.05603582055250974,-0.026477983283903092,0.00034392567726412735,-0.02682190896116722
2018-04-20,0.007298567413041751,0.043265710597980706,5.8667452762830556e-05,0.0008,1.1017801744896187,1.0001078783513864,0.10166132908165129,-0.12063521129328958,0.0002240986087950244,-0.1208593099020846
2018-04-23,0.010116976072095581,0.026721645031713894,6.640241227700167e-05,0.0008,1.13122155321531,1.000174287927046,0.13102442931208674,-0.20446803713145584,4.812468582685424e-05,-0.2045161618172827
2018-04-24,0.008175812350834807,0.016080931962123058,4.072833420643949e-05,0.0008,1.1494126500466526,1.0002150233597096,0.14916555260866818,-0.2703742280814255,-8.540557086549653e-05,-0.27028882251056
2018-04-25,0.009047970855143224,-0.00787635953658884,3.939929252702906e-05,0.0008,1.140359462758982,1.0002544311240047,0.14006939362171938,-0.3061780901215273,-0.00020900799491944903,-0.30596908212660784
2018-04-26,0.008049259703538812,-0.015735310501223843,5.117177658812184e-05,0.0008,1.1224155525294606,1.0003056159202854,0.12207262927023904,-0.3263232704744128,-0.0003234970034462395,-0.32599977347096654
2018-04-27,0.008760100241092429,0.02605315841530581,5.0601116699377835e-05,0.0008,1.1516580227273137,1.0003562325014916,0.15124791080421085,-0.37536003171104493,-0.00044918350394718116,-0.37491084820709775
2018-05-01,0.007393299967218461,0.011326354493079466,4.778420362155431e-05,0.0008,1.1647021097475223,1.0004040337273996,0.16423172086578405,-0.4039297030840296,-0.0005615223588746793,-0.4033681807251549
2018-05-02,0.010021351559893211,0.03044156312949193,4.255631843204308e-05,0.0008,1.200157462548454,1.0004466072400195,0.19962170281069408,-0.4425613041379138,-0.0006471812765754612,-0.4419141228613383
2018-05-07,0.008099194435090587,-0.019688262849519935,1.5196041957917926e-05,0.0008,1.176528446964987,1.0004618100686398,0.17598536508281878,-0.4475878911205276,-0.0006925386539099622,-0.44689535246661766
2018-05-08,0.009351026080460066,-0.008022217574366572,-2.2989297721548515e-05,0.0008,1.1670900797810022,1.000438810154229,0.16657817343279802,-0.4434929178161337,-0.0006622675137470985,-0.4428306503023866
2018-05-09,0.007991288277029435,-0.0712272516281384,-1.631522119983921e-05,0.0008,1.0839614609957366,1.0004224877737444,0.08350369393224336,-0.41035272553673063,-0.0006277384226841971,-0.4097249871140464
2018-05-10,0.007770056642326122,-0.051511748131986355,-2.9324771509241888e-05,0.0008,1.0281247112321443,1.0003931506128778,0.0277206622239238,-0.36370884589556046,-0.0005688465987714338,-0.36313999929678903
2018-05-11,0.006601830859248638,-0.05763699699409137,-6.11254458015574e-05,0.0008,0.9688666903413061,1.0003320011355699,-0.03145486774245404,-0.3179069748314676,-0.0004833288828523662,-0.3174236459486153
2018-05-14,0.00850753430691257,-0.0711592093732113,-0.00010954376649023102,0.0008,0.8999229026685789,1.0002224210004247,-0.10027721457346057,-0.23377214684942998,-0.00030377488342697663,-0.233468371966003
2018-05-15,0.007480303911366211,-0.06809673411310478,-9.280093489661281e-05,0.0008,0.8386410920432632,1.0001295994246513,-0.16146758127575492,-0.17996133470815112,-0.00018871818005187195,-0.17977261652809925
2018-05-16,0.008145486809601915,-0.056561396876305466,-8.421855902836905e-05,0.0008,0.7912063803994259,1.0000453699509462,-0.2088295149666701,-0.13011096767120453,-0.00012690551998361364,-0.1299840621512209
2018-05-17,0.008007309734583566,-0.04431352257930983,-6.334702588995411e-05,0.0008,0.7561452385967019,0.9999820200510048,-0.2438411657060252,-0.12379790519002201,-0.00011151052787024035,-0.12368639466215177
2018-05-18,0.0077983104809757325,-0.048632995254772306,-7.51324181006211e-05,0.0008,0.7193716307961099,0.9999068889837812,-0.2805613815430186,-0.08344688149043478,-8.754176565103549e-05,-0.08335933972478374
2018-05-21,0.007123187503460724,-0.03492950978959141,-6.461050517777932e-05,0.0008,0.6942443323758628,0.9998422844945533,-0.30564615725687005,-0.05551629142336053,-9.481203223772281e-05,-0.055421479391122803
2018-05-22,0.009238718518036005,-0.03634184745500021,-4.315437306669595e-05,0.0008,0.6690142107521607,0.9997991369276004,-0.33085138200053593,-0.05083471363169762,-0.00014954020517857835,-0.05068517342651904
2018-05-23,0.008897106343250834,-0.028528019137417236,-3.0191398530897522e-05,0.0008,0.649928560544619,0.9997689515934065,-0.34992123979367507,-0.05318624024718276,-0.00018774418068327736,-0.052998496066499486
2018-05-24,0.010120023616094249,-0.0006687898122118777,7.30212450969864e-06,0.0008,0.6494938949446613,0.999776252030772,-0.35036074959232927,-0.09020479056909443,-0.000270672870293407,-0.08993411769880102
2018-05-25,0.009177531665235916,-0.01591850812728983,1.8236188789776577e-05,0.0008,0.6391549210993596,0.9997944841392515,-0.3607136954254911,-0.10437641443478081,-0.00037251781714835066,-0.10400389661763246
2018-05-28,0.009441717202611727,0.023518144784022442,2.9602316211455192e-05,0.0008,0.6541866590731947,0.9998240803717174,-0.3456982364037688,-0.1528076114423485,-0.00048730747946434683,-0.15232030396288415
2018-05-29,0.008001800623913452,0.0101967116482943,2.4435713983773392e-05,0.0008,0.6608572117999252,0.9998485117869795,-0.33904266095389995,-0.18531692298049374,-0.0006260455144800847,-0.18469087746601365
2018-05-30,0.01144618780909603,0.0434114683181138,7.007738000170611e-05,0.0008,0.6895459937127746,0.9999185785510842,-0.3103978578816387,-0.2511587275273682,-0.0008233801660785263,-0.25033534736128965
2018-05-31,0.009730940251346694,-0.0026508339565233627,2.228004982146083e-05,0.0008,0.6877181217780561,0.9999408567868319,-0.31224120195674293,-0.2677721266178976,-0.0009455471298738132,-0.2668265794880238
2018-06-01,0.009470345379633736,0.000790484971609761,-2.239943834122559e-05,0.0008,0.6882617526180255,0.9999184586732653,-0.311682121028908,-0.28937399692623517,-0.0010046542405510895,-0.2883693426856841
2018-06-04,0.008850632855449484,-0.03737780064219548,-4.79510551699056e-05,0.0008,0.6625360420390208,0.9998705115280881,-0.3373781560709534,-0.2762844957917277,-0.0010262996495165736,-0.27525819614221114
2018-06-05,0.008747051826503649,-0.004820462982973316,-5.116278384582788e-05,0.0008,0.6593423115734861,0.9998193553692329,-0.34053856025822665,-0.28726727458863743,-0.0010173139004494398,-0.286249960688188
2018-06-06,0.008037572939243736,-0.005520425140215428,-7.188093849546119e-05,0.0008,0.655702461700668,0.9997474874156431,-0.3441319233563015,-0.29253674979338423,-0.0009602520342258574,-0.2915764977591584
2018-06-07,0.00907484457939507,-0.031565226572350655,-9.788537340494016e-05,0.0008,0.6350050649330384,0.9996496267595268,-0.36477236830320586,-0.2812031669739516,-0.0008954395809825935,-0.280307727392969
2018-06-08,0.009085522084524802,-0.03093480987450487,-6.839993431640335e-05,0.0008,0.6153613039799872,0.999581250790717,-0.38438090601118546,-0.2739639240166382,-0.0008730879109413927,-0.27309083610569684
2018-06-11,0.008949238794679524,-0.03974066885023021,-7.564274307218529e-05,0.0008,0.5909064341752727,0.9995056397229837,-0.40880130067195586,-0.2359007123377599,-0.0008136872803355552,-0.23508702505742432
2018-06-12,0.009021026108005833,-0.0312472685026353,-8.363818995939338e-05,0.0008,0.5724422221666632,0.999422042880423,-0.42722673944949835,-0.21943033892141434,-0.0007238501168664123,-0.21870648880454793
2018-06-13,0.008474061975693127,-0.03182900072417883,-8.523352254043279e-05,0.0008,0.5542219582627699,0.9993368586192037,-0.44541027033812675,-0.1780121761130057,-0.0006330180735024214,-0.1773791580395033
2018-06-14,0.008045249223269466,-0.028567564397310678,-0.0001143733538918502,0.0008,0.5383891867796946,0.9992225611110157,-0.4611919228674437,-0.15761072637685677,-0.0004576505041714087,-0.15715307587268537
2018-06-15,0.009852018255254745,-0.04091591725899401,-0.0001273947268188123,0.0008,0.5163604993602795,0.9990952654258118,-0.483171908396335,-0.08700186736741217,-0.00027337943052825673,-0.08672848793688391
2018-06-18,0.009271883270683874,-0.024777498627897507,-9.999031084964715e-05,0.0008,0.5035663777958798,0.9989953655796535,-0.49592721333227385,-0.06382288195772591,-0.00011980232696177434,-0.06370307963076413
2018-06-19,0.010037450540118658,-0.028734403451878793,-8.156116525359774e-05,0.0008,0.4890966983314917,0.9989138863535539,-0.5103715094832693,0.02159765701301319,5.5921100173490944e-05,0.0215417359128397
2018-06-20,0.009625358113855561,-0.019646611076805893,-6.96171931925933e-05,0.0008,0.47948760572042304,0.9988443447725449,-0.5199576308062183,0.058737294369018644,0.000210816840634739,0.058526477528383906
2018-06-21,0.009391472943171782,-0.019922857024159458,-4.2168263441581165e-05,0.0008,0.46993484270679853,0.9988022252410774,-0.5295016061929858,0.12252499893035781,0.0003322041040160026,0.12219279482634181
2018-06-22,0.008363814820713042,-0.012872950532291797,-1.476506916454034e-05,0.0008,0.4638853947232336,0.9987874778571401,-0.5355514511270387,0.1560062852557336,0.0004212523558178042,0.1555850328999158
2018-06-25,0.010601354862895545,-0.016050872001063254,-3.301697434061562e-05,0.0008,0.45643962962936824,0.9987545009166119,-0.5429911662871422,0.2202937031351265,0.0005536664599290328,0.21974003667519748
2018-06-26,0.009585396106175422,-0.021175030712345885,-4.602976199034193e-05,0.0008,0.4467745064536346,0.998708528484648,-0.5526477508592715,0.30463047021458844,0.0006842651255438614,0.3039462050890446
2018-06-27,0.01044708342666506,0.010601945514581776,-1.6194702327287688e-05,0.0008,0.4515111854283602,0.9986923546973174,-0.5478976250246717,0.32041105015050514,0.0007804412696585522,0.3196306088808466
2018-06-28,0.009393954973133842,-0.010365532982788311,6.264612458882561e-06,0.0008,0.4468310313437047,0.9986986111178852,-0.5525867099749463,0.35680314229540594,0.0008094711056303974,0.35599367118977554
2018-06-29,0.00965016097938627,0.019543562256267872,5.656569692352828e-06,0.0008,0.4555637014228028,0.9987042603261806,-0.5438452407582461,0.3039448736533668,0.0008176635915706781,0.3031272100617961
2018-07-02,0.009036801808651474,-0.004456951768895832,6.108522651457286e-05,0.0008,0.4535332759779017,0.9987652664021438,-0.5459060389518084,0.3061212968057939,0.0007596652341742488,0.30536163157161966
2018-07-03,0.010613994436979196,0.03947427157282367,5.69372312749508e-05,0.0008,0.47143617168116575,0.9988221333311063,-0.528007884538051,0.24794902674848407,0.0007375708355486576,0.24721145591293542
2018-07-04,0.009833958685062028,-1.8775337497934177e-05,5.361342859736572e-05,0.0008,0.4714273203079337,0.998875683610233,-0.528042049633188,0.26386890850909756,0.0007188089354208616,0.2631500995736767
2018-07-05,0.010263719642514019,0.05988774842721737,9.416898255477923e-05,0.0008,0.49966004106825246,0.9989697467170574,-0.49982465163704964,0.17486816541721478,0.0006329853848781452,0.17423518003233665
2018-07-06,0.009781251520676909,0.01599361293446992,8.525910300914422e-05,0.0008,0.5076514103639195,0.9990549179815957,-0.49186836356350205,0.14853358472542097,0.0005190810968056373,0.14801450362861535
2018-07-09,0.009397298107975688,0.03912566386573978,7.91882972428923e-05,0.0008,0.5275136088067869,0.9991340314394028,-0.4720291850665679,0.046259249790953076,0.00033626827135636335,0.045922981519596714
2018-07-10,0.009134530364131291,0.01656985333777345,7.42522958995317e-05,0.0008,0.536254431938395,0.9992082194351487,-0.46332063577145216,-0.003918855830829879,0.00018755168489412462,-0.004106407515724003
2018-07-11,0.009530242651696304,0.03866816332817676,9.933700343256669e-05,0.0008,0.5569904058980474,0.9993074777854726,-0.44262359856210354,-0.07182883529946588,6.746598566537808e-07,-0.07182950995932252
2018-07-12,0.009634644874839709,0.046473383136130045,8.449062743701791e-05,0.0008,0.582875634434496,0.9993919099012732,-0.41676970900026955,-0.14784333789596904,-0.00016929692398818424,-0.14767404097198086
2018-07-13,0.009586867689896035,0.02282600830376588,7.991412032771378e-05,0.0008,0.5961803585061606,0.9994717754266157,-0.40350455794343343,-0.1895206278534549,-0.0003381789059241797,-0.1891824489475307
2018-07-17,0.009364439490369214,0.016909964832346674,3.5271991735326106e-05,0.0008,0.6062617474022356,0.9995070287868183,-0.39343923560187066,-0.2114068844180995,-0.000447015508526473,-0.21095986890957302
2018-07-18,0.008475978606867053,-0.020175764612942817,1.3842475719570935e-05,0.0008,0.5940299530928167,0.9995208644385959,-0.4056852895947626,-0.22099126909647562,-0.0005231239689441207,-0.2204681451275315
2018-07-19,0.008949077231137012,-0.00279528417604938,3.1307135705721553e-06,0.0008,0.592369470564837,0.9995239936521303,-0.4073484235226848,-0.2213165156353835,-0.0005594855820938044,-0.22075703005328967
2018-07-20,0.009397186845936078,-0.006822024331270186,3.4858347216068984e-05,0.0008,0.588328311623542,0.9995588354065518,-0.41141202420140627,-0.24162412444347187,-0.0006489349051460831,-0.24097518953832578
2018-07-23,0.009399551852867097,0.012737821701516367,3.4864351352272075e-05,0.0008,0.5958223327589569,0.9995936843769867,-0.40393547691298887,-0.2551072201646273,-0.0007232448858182482,-0.254383975278809
2018-07-24,0.009049138647449528,-0.014748787505358562,8.39900232386381e-06,0.0008,0.587034675782148,0.9996020799666647,-0.4127316383718162,-0.2533931494877814,-0.0007414254431132136,-0.2526517240446682
2018-07-25,0.009219204059409339,-0.00677980673059402,-2.8582836157142005e-05,0.0008,0.5830546941361882,0.9995735085041907,-0.41669653189518907,-0.24506547483182164,-0.0006954383332719485,-0.2443700364985497
2018-07-26,0.00873215340969504,-0.05340614155866432,-0.00010354415188260256,0.0008,0.5519159926047071,0.9994700085130083,-0.4477913415072486,-0.18530928560860288,-0.0004971183638947526,-0.18481216724470811
2018-07-27,0.00852351219783382,-0.03218436267789861,-7.442533753976947e-05,0.0008,0.5341529281309848,0.9993956226202638,-0.46552404669282343,-0.14329678558991793,-0.00037091493657347174,-0.14292587065334444
2018-07-30,0.009324767214836374,-0.03214527798555921,-8.752353939887154e-05,0.0008,0.5169824337694139,0.9993081519781123,-0.4826596453295647,-0.10749401783791052,-0.00022232287161562096,-0.10727169496629489
2018-07-31,0.009059149004652278,-0.03922972500259123,-8.549520273092118e-05,0.0008,0.49670135506146945,0.9992227159250683,-0.5029122665594833,-0.0474152807166601,-9.164116064737947e-05,-0.04732363955601272
2018-08-01,0.008832938459482747,-0.027198380426448402,-8.900995598986981e-05,0.0008,0.4831918826481752,0.9991337751550998,-0.5163892016630433,-0.03189715343075151,1.9877856724413142e-05,-0.031917031287475923
2018-08-02,0.009306634144950223,-0.01055076169363355,-7.360526974385191e-05,0.0008,0.47809384024205615,0.9990602336440694,-0.5214564406209922,-0.00587810912900035,0.00010638620267782726,-0.005984495331678177
2018-08-03,0.009504887330066651,-0.03208432963029735,-6.230107557583309e-05,0.0008,0.46275451987751526,0.9989979911169483,-0.5367813309012525,0.012523136107557788,0.0001681138073667621,0.012355022300191025
2018-08-06,0.010462555475917684,-0.0032116304498942534,-3.325004506370714e-05,0.0008,0.46126832337065043,0.9989647743887251,-0.5382536649974425,0.02475444193617054,0.0001641654825215314,0.02459027645364901
2018-08-07,0.009661340690895725,-0.032723523735931445,-5.46441692593542e-05,0.0008,0.44617399844219763,0.9989101867885093,-0.5533392247438735,0.04038909607170759,0.0001916987100389238,0.04019739736166867
2018-08-08,0.010566103951121465,-0.005267551927247165,-3.949647542521564e-05,0.0008,0.4438237537368159,0.9988707333568648,-0.5556744842795873,0.06535472313776,0.00021157657650857454,0.06514314656125143
2018-08-09,0.009910631229202943,-0.012481628716361999,-9.794866292079107e-06,0.0008,0.43828411042717086,0.9988609495515886,-0.5612160925663111,0.04113650845215718,0.00016891888843512538,0.040967589563722054
2018-08-10,0.01072045892494425,0.004298600366263719,1.7437079578493886e-05,0.0008,0.44016811866478067,0.9988783667694537,-0.5593376197660974,0.08558546034370199,0.00011893617436729582,0.08546652416933469
2018-08-13,0.010597684130195259,0.021520676379561784,9.489328362094008e-05,0.0008,0.4496408342991659,0.9989731536176144,-0.5498969790420626,0.04709002459488014,4.367034034983239e-06,0.04708565756084516
2018-08-14,0.010071183084754578,0.017724582843167032,5.1831461622304075e-05,0.0008,0.45761053051637224,0.9990249318562878,-0.5419428325316303,0.08521221989316687,-1.3284661389087095e-05,0.08522550455455595
2018-08-15,0.01103907187969889,0.008302659231330764,6.111065089680891e-05,0.0008,0.4614099148119181,0.9990859829201356,-0.5381679628180691,0.10925514013452015,4.818011807787006e-06,0.10925032212271236
2018-08-16,0.01043410709694591,0.02544419981038305,4.5204393087361085e-05,0.0008,0.4731501208788844,0.9991311459956357,-0.5264384232488423,0.154937442915936,7.21545542475351e-05,0.15486528836168847
2018-08-17,0.01047393424423004,-0.011350908751868496,2.2509354838233236e-05,0.0008,0.4677794370308527,0.9991536357931309,-0.5318243158275373,0.2380165205571263,0.00020272116524722687,0.23781379939187908
2018-08-20,0.010061179644694366,0.016041995116307075,1.289498929957991e-05,0.0008,0.4752835524752105,0.9991665198685732,-0.5243199776772669,0.33824699144902975,0.00037546152443994525,0.3378715299245898
2018-08-21,0.010609337837138357,-0.014168162827878993,-5.838824408728351e-07,0.0008,0.46854965771432894,0.9991659364727867,-0.5310592158812149,0.47896828860795526,0.0005959138545620055,0.4783723747533933
2018-08-22,0.00969718328721792,0.008829598989307866,-3.7197574992705186e-05,0.0008,0.47268676329852394,0.9991287699229346,-0.5269010586743653,0.6295492523557458,0.0008410744253932953,0.6287081779303525
2018-08-23,0.010970594472855548,-0.017965809554906568,-2.711696528900654e-05,0.0008,0.46419456292997746,0.9991016765827614,-0.5353880652891432,0.84304667296468,0.0010957449126860201,0.841950928051994
2018-08-24,0.00992153633764642,0.0186024784516314,-1.9623203741671847e-05,0.0008,0.47282973228424685,0.9990820710070031,-0.526735844826373,1.0552518689947168,0.001329338240136824,1.0539225307545799
2018-08-27,0.010156875537249392,-0.03493042572482229,-5.244311316911419e-05,0.0008,0.45631358844020437,0.9990296760328881,-0.5432432094988313,1.3717144950372266,0.0016202519174563458,1.3700942431197702
2018-08-28,0.009977182783064613,0.04717484167566847,-3.253806429612935e-05,0.0008,0.47784010972932717,0.9989971695410556,-0.5216802166227864,1.454572085056965,0.0018397180846589855,1.452732366972306
2018-08-29,0.009347292196280934,-0.014702988177637181,-1.9673102465673085e-05,0.0008,0.47081443224517605,0.9989775161673763,-0.5287036748820159,1.6579413423364264,0.0020145448445747045,1.6559267974918517
2018-08-30,0.009520965208442684,0.0547776483826135,3.4178928374146286e-05,0.0008,0.4966045396681621,0.9990116601483489,-0.5029041607037714,1.645959813498973,0.0020628497419299847,1.643896963757043
2018-08-31,0.010199760656015746,0.0306416450726715,7.921467086551915e-05,0.0008,0.5118213197141512,0.9990907965281983,-0.4877129070824089,1.5672364941465387,0.0019929082571104382,1.5652435858894282
2018-09-03,0.009682153010786005,0.06767492809486386,0.00011254365499345412,0.0008,0.5464587907232248,0.9992032378581098,-0.45310546441521465,1.5230428992760825,0.0018878180805446615,1.5211550811955379
2018-09-04,0.010395837539357985,0.05976641029904251,0.0001530694843000576,0.0008,0.5791186710211076,0.9993561853824399,-0.4205082437154408,1.2841413074275625,0.0016272389627907634,1.2825140684647718
2018-09-05,0.009666661668280134,0.09830129127709468,0.00018560256449671114,0.0008,0.6360467841851575,0.9995416684532924,-0.3636615618342485,1.0512079837921031,0.0013225421536554797,1.0498854416384475
2018-09-06,0.010302933430158884,0.0894954626417481,0.00021978557870921272,0.0008,0.6929700853976043,0.9997613532973373,-0.3068645001008463,0.7528775081285917,0.0009377473518362148,0.7519397607767555
2018-09-07,0.009337312460938241,0.11154345326409372,0.0002078078743182767,0.0008,0.770266361731567,0.9999691115789915,-0.22970984522183346,0.5565604606696621,0.0006131501544878663,0.5559473105151743
2018-09-10,0.010301533153239036,0.11069662044327519,0.00022733260508688447,0.0008,0.8555322448163888,1.000196437162133,-0.14463578050347925,0.31827371118667563,0.0002699308060414228,0.3180037803806342
2018-09-11,0.009362759333401395,0.13588260042966668,0.00021370986633517154,0.0008,0.9717841909934699,1.0004101890090278,-0.028614260760292547,0.10645871947098261,-7.80790908019525e-05,0.10653679856178457
2018-09-12,0.010442424223122764,0.11366861286319929,0.00023806911871239163,0.0008,1.082245551986084,1.0006483557810761,0.08154432646952746,-0.08231641388555036,-0.000477803694645253,-0.0818386101909051
2018-09-13,0.009079520348322887,0.08375866485173135,0.0001865659581895665,0.0008,1.1728929944621636,1.0008350427003834,0.17191439590039273,-0.1636531552440288,-0.0007996059182058667,-0.16285354932582294
2018-09-14,0.009242585915871985,0.06693206451193853,0.0001548291830548609,0.0008,1.2513971440331058,1.0009900011724173,0.2501594846775663,-0.2794032261935468,-0.0011529544664360236,-0.27825027172711075
2018-09-18,0.007742870747991397,0.050022897549742,8.23883566838208e-05,0.0008,1.3139956551631136,1.001072471093671,0.3125879425368418,-0.3338233413083963,-0.0014197305386995922,-0.3324036107696967
2018-09-19,0.008959484974042595,-2.2286763724154606e-05,9.411638820860443e-06,0.0008,1.3139663704524123,1.0010818928262024,0.3125463359874492,-0.37513113413840693,-0.0016536901663605033,-0.3734774439720464
2018-09-20,0.008179289055166508,0.04929547870126455,7.650693244411611e-06,0.0008,1.378738971681227,1.0010895517966771,0.37723839910902507,-0.45198675966337215,-0.0018983959511460406,-0.4500883637122261
2018-09-21,0.008908487079110029,-0.04058062798583014,-0.00010705844595498196,0.0008,1.322788878381865,1.0009823767050001,0.32149067672517545,-0.4557405213044826,-0.0019477525219907914,-0.4537927687824918
2018-09-25,0.007669061443663994,-0.013701836243247343,-0.00011865569625115637,0.0008,1.3046642417858878,1.000863604444157,0.30353850014403366,-0.46849945071123017,-0.00196516375317216,-0.466534286958058
2018-09-26,0.007475736431212597,-0.06896223748979204,-0.00016458544857226323,0.0008,1.21469167649941,1.00069887685886,0.21384334947218273,-0.42993156609359084,-0.0018702830661992268,-0.4280612830273916
2018-09-27,0.0072394601646091575,-0.012946094839059412,-0.00011655260869981563,0.0008,1.1989661628552326,1.0005822427942392,0.19826847966738226,-0.4351907357438654,-0.0018604282494584766,-0.43333030749440693
2018-09-28,0.00772502934838001,-0.05933486502392151,-0.0001157544044553517,0.0008,1.1278256674139684,1.000466420992616,0.12729987108911917,-0.4065547381130968,-0.0018359336901629044,-0.4047188044229339
2018-10-01,0.007256642664211615,-0.0466265109622541,-0.00013428047034484597,0.0008,1.0752390915687795,1.000332077891041,0.07488214697229538,-0.4137219686922344,-0.0018007591504330463,-0.41192120954180134
2018-10-02,0.008203287830197803,-0.07633661481375505,-0.000161781867216342,0.0008,0.9931589792030017,1.0001702422996432,-0.0070100696862575255,-0.36333644767072953,-0.0016916279597724846,-0.3616448197109571
2018-10-03,0.00805035424380774,-0.012297753233817363,-0.0001354501632036799,0.0008,0.9809453551548133,1.0000347690770923,-0.019088750224050894,-0.40901360332962605,-0.0016307549127620845,-0.40738284841686395
2018-10-04,0.008074044989316338,-0.08073090921710886,-0.00019885688331420162,0.0008,0.9017527447408654,0.9998359052797078,-0.09809925810916266,-0.33862674375794133,-0.0013997377984764111,-0.3372270059594649
2018-10-05,0.007608641246597969,-0.029275774099921454,-0.0001847176558920883,0.0008,0.8753532350918477,0.9996512179350078,-0.12434135087628262,-0.32278847535610944,-0.0011877177632565075,-0.32160075759285295
2018-10-09,0.009663866165841528,-0.06202817014925156,-0.00022488282578988253,0.0008,0.8210566756848727,0.9994264135443142,-0.17847210704275887,-0.24174074116155955,-0.0008569999630979127,-0.24088374119846165
2018-10-10,0.008189915937817939,-0.0797624161338512,-0.00023746230466414474,0.0008,0.7555672114494194,0.9991890874448117,-0.24381959236404122,-0.20122914968678587,-0.0005629744455280932,-0.2006661752412578
2018-10-11,0.010407454606552898,-0.047152424744231224,-0.00015650359924065374,0.0008,0.7199403853723421,0.9990327107563046,-0.2793625497734497,-0.1243349523663499,-0.00034557074300012915,-0.12398938162334977
2018-10-12,0.009024902537867894,-0.03682336032866861,-0.00013609883641111362,0.0008,0.6934297611466158,0.9988967435668341,-0.3058043630510446,-0.13844727212889643,-0.00017776883077564058,-0.1382695032981208
2018-10-15,0.010312657029316606,-0.0014022753275525221,-6.953358510289472e-05,0.0008,0.6924573817011692,0.9988272866951063,-0.30672961088963224,-0.1484359591355282,-0.0001281509001162101,-0.148307808235412
2018-10-16,0.008693675171263807,-0.02205216637793634,-0.00010668047688269157,0.0008,0.6771871963102648,0.9987207313238383,-0.3219453896660079,-0.1452013478389942,-2.4040356540488407e-05,-0.1451773074824537
2018-10-17,0.010104314711124994,-0.011642862995594267,-9.121703048919916e-05,0.0008,0.6693027985612539,0.9986296309844389,-0.3297787510055535,-0.16329158644949515,1.2426803301176635e-05,-0.16330401325279634
2018-10-18,0.008991021908451849,-0.05814071128166388,-9.904596565435057e-05,0.0008,0.6303890577900944,0.998530720748307,-0.3686833617721088,-0.1379684948381246,6.022480900343476e-05,-0.13802871964712804
2018-10-19,0.010153006054736824,0.0030442564211508156,-5.2471490342289524e-05,0.0008,0.6323081237270951,0.9984783263532367,-0.36672824332953996,-0.15864347622577724,4.480606881639721e-05,-0.15868828229459364
2018-10-22,0.009000058725428719,-0.08316003065667785,-7.448222639083466e-05,0.0008,0.5797253607734834,0.998403957464487,-0.41934789376663295,-0.1072371084920825,8.268755843410335e-05,-0.1073197960505166
2018-10-23,0.010553058352835881,0.028754630155830165,3.249156424548685e-05,0.0008,0.5963951491144801,0.9984363971708139,-0.4026708653606425,-0.1444967666584224,-6.84953189963887e-06,-0.14448991712652276
2018-10-24,0.009180617298633252,-0.006029308221750443,2.7560349031254962e-05,0.0008,0.5927992989385121,0.9984639144264054,-0.40628870971359865,-0.1702008573396994,-7.137600978326316e-05,-0.17012948132991612
2018-10-25,0.011211352376636822,0.050226995011580775,0.00010615377967182967,0.0008,0.6225738263691654,0.9985699051447876,-0.37653455891113075,-0.22380790275807122,-0.00020092440182481434,-0.2236069783562464
2018-10-26,0.010613698436762737,-0.030596792868759826,5.6745529031334026e-05,0.0008,0.6035250639582368,0.9986265695223298,-0.3956448963230377,-0.18685157724121912,-0.00021926173373101236,-0.1866323155074881
2018-10-29,0.01063941475695525,0.0445740690797309,6.0988521331380754e-05,0.0008,0.6304266318504603,0.9986874742801671,-0.3687448295024842,-0.2040453631974099,-0.00021675662329249604,-0.20382860657411742
2018-10-30,0.010181691618711061,-0.05234602708759541,3.173823775086955e-05,0.0008,0.5974263023028746,0.9987191708606646,-0.40180751533183096,-0.1781312441771375,-0.00024332370426238605,-0.1778879204728751
2018-10-31,0.009178270771007689,-0.012979837320693998,-1.991028307964836e-05,0.0008,0.5896718060878796,0.9986992860792557,-0.40956020064573884,-0.15932983007312534,-0.00022168526068066838,-0.15910814481244467
2018-11-01,0.008588139338757394,-0.018337494364726883,-2.56769772305466e-06,0.0008,0.5788587026667048,0.9986967217213729,-0.42038589886530037,-0.1769572511316611,-0.0002622085442843247,-0.17669504258737678
2018-11-02,0.009957585885446383,-0.03255962087255157,-5.475232044891781e-05,0.0008,0.5600112827690998,0.9986420407584339,-0.4392272106391688,-0.13997962107486014,-0.00023481933862010796,-0.13974480173624004
2018-11-05,0.00954475133015772,-0.02963521442401205,-5.12532880619773e-05,0.0008,0.5434152283243715,0.9985908570702481,-0.4558179413752195,-0.13881305064373325,-0.00023868340116229948,-0.13857436724257097
2018-11-06,0.009296602368210812,-0.021012777699202994,-6.78884929989904e-05,0.0008,0.5319965649332299,0.998523064241839,-0.4672165481353548,-0.1503010487226122,-0.0002652425615583125,-0.15003580616105391
2018-11-07,0.009839113180277272,-0.02714167068059263,-3.660525538890061e-05,0.0008,0.5175572893646057,0.9984865130500606,-0.4816582070962263,-0.16152528232262497,-0.0002913357033253741,-0.1612339466192996
2018-11-08,0.0085873871337819,-0.014180673519149747,-5.704103205649696e-05,0.0008,0.51021797841667,0.9984295583488617,-0.4889794936956438,-0.16455385988711818,-0.00029102449894453074,-0.16426283538817366
2018-11-09,0.008188223324590698,-0.03589373397757763,-3.696834921608213e-05,0.0008,0.4919043500288046,0.998392648056281,-0.5073037136376477,-0.16974731755705094,-0.0003667547903567471,-0.1693805627666942
2018-11-12,0.009630503796104087,-0.017620226474683993,-2.341761271021413e-05,0.0008,0.4832368839774149,0.9983692680839161,-0.5159737990484726,-0.18093027957643049,-0.0004593521411176237,-0.18047092743531287
2018-11-13,0.010278697088958035,0.015558766569584047,3.840347119641278e-05,0.0008,0.4907554538530326,0.9984076089293464,-0.5084618251464452,-0.2537962212304582,-0.0006550142313484467,-0.25314120699910975
2018-11-14,0.009871234799510291,0.022486855409426715,6.349433398160951e-05,0.0008,0.5017910007852133,0.9984710021555177,-0.49744058695551735,-0.32717863726527047,-0.0009165885694643561,-0.3262620486958061
2018-11-15,0.010404698865281238,-0.021492990107076112,5.1645535665169815e-06,0.0008,0.4910060117695169,0.998476158812493,-0.5082446311452445,-0.3815474933388267,-0.0011297861987148669,-0.38041770714011186
2018-11-16,0.00986309215193871,0.009599649581644018,1.73299599738324e-06,0.0008,0.49571949742498483,0.9984778891676797,-0.5035248123138598,-0.44405809922706174,-0.00136715513341815,-0.44269094409364357
2018-11-19,0.009037376067335361,-0.0389212844684192,-4.309986265858892e-05,0.0008,0.4764254578491652,0.9984348549077888,-0.5228276982646347,-0.4994373654906385,-0.0016266340559392969,-0.49781073143469917
2018-11-20,0.013955665762832376,0.010905499852433513,-2.7357431233281515e-05,0.0008,0.4816211156094349,0.9984075402949047,-0.5176106988663407,-0.5657363597366009,-0.00187796592905696,-0.5638583938075439
2018-11-21,0.010236899495437818,-0.028318967862884518,-5.51180600814793e-05,0.0008,0.46798210271440466,0.998352510008113,-0.5312456291509683,-0.5874014746176723,-0.001966237798937309,-0.585435236818735
2018-11-22,0.009008007647700355,-0.034072199160995104,-9.445219064734545e-05,0.0008,0.4520369233069382,0.9982582134265044,-0.5471743510575995,-0.6007664998845841,-0.001990373629529405,-0.5987761262550547
2018-11-26,0.009894678916407633,-0.03999279769632371,-6.27043646045162e-05,0.0008,0.4339587020818552,0.9981956182795203,-0.565256855334807,-0.6208588996743356,-0.002124478922046171,-0.6187344207522895
2018-11-27,0.008667933457596609,-0.017741461020404536,-5.6729754740918734e-05,0.0008,0.42625964068440464,0.9981389908869118,-0.572945607198808,-0.6424567563522682,-0.002222507985893217,-0.640234248366375
2018-11-28,0.009244292747528384,-0.04188699295801641,-0.00011271788597545074,0.0008,0.4084049061167704,0.9980264827699494,-0.5907875059755203,-0.6448871749644912,-0.002204133122618837,-0.6426830418418724
2018-11-29,0.00813254754537763,-0.030852241171240066,-0.00011604676724824704,0.0008,0.3958046994577381,0.9979106650229957,-0.6033666005076544,-0.6467850390016249,-0.0021614024573812585,-0.6446236365442436
2018-11-30,0.009493230593786943,-0.07478720030711589,-0.00015735605569568338,0.0008,0.3662035741168944,0.9977536377368111,-0.6329719479173754,-0.6233289734455796,-0.002055633659494573,-0.621273339786085
2018-12-03,0.008760611418350888,-0.07806551104670002,-0.00019826807072285946,0.0008,0.337615704956331,0.9975558150480003,-0.661557077946475,-0.5952513434582986,-0.001880503795305901,-0.5933708396629926
2018-12-04,0.010124584350684276,-0.1005634681483766,-0.00020822977155366348,0.0008,0.3036638987645633,0.9973480942285208,-0.6955286719633663,-0.5284500594923579,-0.001595147989868399,-0.5268549115024895
2018-12-05,0.009096367388352318,-0.0924464818838307,-0.0002359048300014557,0.0008,0.27559123964865173,0.9971128149958995,-0.7236107735213643,-0.4425416860191941,-0.0012512167879227018,-0.44129046923127135
2018-12-06,0.00962852384409423,-0.134657608738422,-0.00030292281996365655,0.0008,0.23848078232830688,0.996810766770159,-0.7607562134375552,-0.30224419589573653,-0.0007096637354507924,-0.30153453216028575
2018-12-07,0.010022422256481246,-0.12298786992260258,-0.00027909190843018587,0.0008,0.20915053889227259,0.9965325649509174,-0.7901217218098899,-0.12118867666860836,-0.00018867411364984995,-0.1210000025549585
2018-12-10,0.010302599982619535,-0.07679546747551624,-0.00014355113889667187,0.0008,0.19308872548528438,0.9963895115662711,-0.8062116037514694,0.031826957940226296,0.00010879817555477014,0.03171815976467152
2018-12-11,0.010365616826588318,-0.06536084579942739,-0.00011863328734374433,0.0008,0.18046828307323276,0.9962713066030392,-0.8188562875622998,0.19625135158768992,0.0003663362050824668,0.19588501538260744
2018-12-12,0.010146707610813299,-0.0883075020088378,-0.00019706868333093313,0.0008,0.16453157980321176,0.9960749727284066,-0.8348200845238247,0.4177601352323821,0.0007320858513451584,0.41702804938103694
2018-12-13,0.00935746977471416,-0.07369603605153242,-0.00015496194965081958,0.0008,0.15240625456641868,0.9959206190086343,-0.8469694756213323,0.637289975607603,0.0009912425146588637,0.6362987330929442
2018-12-14,0.009753373623035064,-0.04839981546633934,-9.430416924432282e-05,0.0008,0.14502981996948808,0.9958266995420254,-0.854362390528205,0.7826156090276046,0.0011949574485058407,0.7814206515790988
2018-12-17,0.010107163586464548,-0.03603175187453845,-7.322667959286925e-05,0.0008,0.1398041414819385,0.9957537784593681,-0.8595996876876092,0.9017967053353516,0.0013312833129320353,0.9004654220224195
2018-12-18,0.010346602517270865,-0.013346280529687685,-5.137483309479501e-05,0.0008,0.1379382761905084,0.9957026217751962,-0.8614663925012228,1.0168375159772147,0.00146026583140725,1.0153772501458074
2018-12-19,0.010386495138406648,-0.009343115034104578,-2.281225631677266e-05,0.0008,0.1366495030084544,0.995679907551773,-0.8627575971233014,1.0832147075946428,0.0015299749685182744,1.0816847326261245
2018-12-20,0.010803941737618788,0.047883016361129724,7.760412603886652e-05,0.0008,0.14319269339674848,0.9957571764208131,-0.8561971765933482,1.047418286378702,0.0014936086086120058,1.0459246777700901
2018-12-21,0.01129988093201162,0.07289432273439006,0.00010849460497892025,0.0008,0.15363062780241762,0.9958652107023238,-0.84573150447331,0.8911877818120593,0.0014238614214797357,0.8897639203905795
2018-12-25,0.011805199615563198,0.08312614754727299,0.00023914442737046633,0.0008,0.1664013500369016,0.9961033663178753,-0.8329477083768837,0.8174364392887042,0.0012408483847207146,0.8161955909039835
2018-12-26,0.012214829437234223,0.10458155428805674,0.00024212219613137717,0.0008,0.18380386185939177,0.996344545052502,-0.8155217863417857,0.6586144881093181,0.001029133976871733,0.6575853541324463
2018-12-27,0.010340431802141073,0.08394976152595034,0.00015393457567567306,0.0008,0.19923415223003643,0.9964979169272714,-0.8000656611060659,0.568579311316656,0.0008926749347108641,0.567686636381945
2018-12-28,0.010796752410547823,0.08357641061359039,0.00013884617630501977,0.0008,0.2158854275450645,0.9966362768527327,-0.7833859427364948,0.45377462077177344,0.0007547446616098308,0.4530198761101636
2019-01-04,0.010499300853211055,0.08050977541365706,0.00016847497325471556,0.0008,0.23326631483179897,0.9968041851228201,-0.7659858191676259,0.3382135771519446,0.0005335426204256806,0.33768003453151896
2019-01-07,0.01018560112956325,0.06973539236228084,0.00010396499748657347,0.0008,0.24953323282149778,0.996907817867421,-0.7496927716393099,0.23683670658248585,0.0004232909002329878,0.23641341568225285
2019-01-08,0.009717151512713377,0.036064086249435835,0.00010918984152030254,0.0008,0.25853242085207284,0.9970166700740641,-0.7406939837496723,0.21005809592190308,0.0003082633159666069,0.20974983260593646
2019-01-09,0.010583440028438602,0.028416686720768275,6.292650488114475e-05,0.0008,0.265879055662588,0.9970794088484201,-0.7333421457678422,0.16360468511760384,0.00025780327898587745,0.16334688183861795
2019-01-10,0.009743280175367406,0.04633698813527677,7.742958375430318e-05,0.0008,0.278199090310244,0.9971566122920171,-0.7210076262034821,0.13063851474609206,0.00017117411641461193,0.13046734062967744
2019-01-11,0.00965333903425365,0.02326091050567454,4.6793647448623845e-05,0.0008,0.2846702544527106,0.9972032728869838,-0.7145313676833739,0.12265576490946481,0.00017467297883137325,0.12248109193063343
2019-01-15,0.00917135426106894,0.029876969407858955,4.1290502887505394e-05,0.0008,0.29317533893632164,0.9972444479116024,-0.7060145688950387,0.13963717680305993,0.0001673162382955911,0.13946986056476435
2019-01-16,0.00833432627045144,-0.00897405877936011,3.884388157333601e-05,0.0008,0.29054436621204827,0.9972831847568366,-0.7086641280501581,0.165321496199008,0.00019285796178744073,0.16512863823722054
2019-01-17,0.009138704696502478,0.04088708050591292,5.634790098537025e-05,0.0008,0.30242387710389973,0.9973393795709857,-0.6967693412106218,0.1514490162288893,0.00017956129095405226,0.15126945493793523
2019-01-18,0.010631292687627287,0.008054493480666081,3.061897096018573e-05,0.0008,0.3048597482504309,0.9973699170764864,-0.6943363309532709,0.1281250909820162,0.00017471738550064233,0.12795037359651554
2019-01-21,0.008713978566206008,0.025109320234133616,1.7594839604781063e-05,0.0008,0.31251456929574833,0.997387465640204,-0.6866668370499812,0.1192461950836777,0.00019056932304456077,0.11905562576063314
2019-01-22,0.009478225631389647,0.004269197006515927,1.0197862768543002e-06,0.0008,0.31384875555947833,0.997388482762254,-0.685329476945354,0.11388802498841369,0.0002496754306683982,0.1136383495577453
2019-01-23,0.009007671957974505,-0.005380317523817454,-5.259748168231843e-05,0.0008,0.3121601496001134,0.9973360226398018,-0.6870060415807789,0.18967772287261453,0.00043779444213893953,0.1892399284304756
2019-01-24,0.009080035222518771,-0.011302812799171282,-6.239386290170282e-06,0.0008,0.308631861865822,0.9973297998750954,-0.6905418228709553,0.19707736027521652,0.0004970228729424543,0.19658033740227407
2019-01-25,0.008719406277467192,0.01363238072401803,-5.8016277474797235e-06,0.0008,0.3128392489103394,0.9973240137388552,-0.6863213513354197,0.2379810147659544,0.0005414935732124526,0.23743952119274195
2019-01-28,0.010861776169684749,-0.011063618387920955,1.2478843789898102e-05,0.0008,0.3093781148436316,0.9973364591894305,-0.6897956431923948,0.2849505818840342,0.0005903424912209034,0.2843602393928133
2019-01-29,0.008947059724635347,0.01669313755779675,-9.18395722214139e-06,0.0008,0.3145426062720882,0.9973272996940532,-0.6846144627058947,0.31727582660056275,0.00066454132758174,0.316611285272981
2019-01-30,0.010133187395140353,0.01603628852470396,5.029207474978105e-05,0.0008,0.3195867022595798,0.9973774573531594,-0.6795729641737651,0.28134323713151244,0.0006259463138783686,0.2807172908176341
2019-01-31,0.0090094398368954,0.04545499925804412,3.393474344055932e-05,0.0008,0.3341135155736698,0.9974113031012881,-0.6650193209814264,0.24533343057377413,0.0005728274217733759,0.24476060315200077
2019-02-01,0.009614667623636773,0.01336096794851895,6.438232420857898e-05,0.0008,0.3385775955464166,0.9974755187591737,-0.660565508447169,0.17795515554117694,0.0004236975353546053,0.17753145800582235
2019-02-04,0.008343643535818618,0.02849592045044985,4.305304493138528e-05,0.0008,0.34822567577541186,0.9975184631175008,-0.6509080396495946,0.16207537621832716,0.00030887619018165734,0.1617665000281455
2019-02-05,0.010454033876659581,-0.012364810647727624,2.5775786839889762e-05,0.0008,0.3439199312317719,0.997544174940775,-0.6552333822688197,0.17030343237563947,0.00025798244859187027,0.1700454499270476
2019-02-06,0.008736256503273568,0.017041208806124968,3.3444286886984546e-05,0.0008,0.34978074259248065,0.9975775370943442,-0.649369868921376,0.14798361340871002,0.00016410763888162353,0.1478195057698284
2019-02-07,0.009841158678922133,-0.0005385434197027079,6.0114692499810277e-05,0.0008,0.34959237047521874,0.9976375061612314,-0.6495797638759584,0.12231309140345017,4.8539460400821915e-05,0.12226455194304935
2019-02-08,0.009759744283017775,0.06229428131688187,0.00013546468070055095,0.0008,0.3713699759478376,0.9977726508074585,-0.627801006925473,0.07168578103801536,-0.0001327709276172507,0.07181855196563261
2019-02-12,0.009449425403725523,-0.005153247630721227,5.296275659497323e-05,0.0008,0.36945621449916344,0.9978254955975004,-0.6297386505664178,0.07936754921477014,-0.00019273043121793685,0.07956027964598808
2019-02-13,0.009200726907897578,0.04826779365357752,3.8646722673324356e-05,0.0008,0.38728905082464093,0.9978640582827052,-0.6118819516446418,0.042587409559358295,-0.00025109421775139384,0.04283850377710969
2019-02-14,0.010300724717913266,0.026457081200853553,6.130193398678769e-05,0.0008,0.39753558869051,0.9979252292793338,-0.6016379012908651,-0.007711813533254223,-0.0003472803863924943,-0.007364533146861729
2019-02-15,0.008941241032543274,0.042269883415978676,6.497042121912381e-05,0.0008,0.4143393716781603,0.9979900649018254,-0.5848261558406197,-0.044967193003343245,-0.0004216674425050022,-0.04454552556083824
2019-02-18,0.009559640780073798,-0.011679102666700669,1.1720752260861831e-05,0.0008,0.4095002596174748,0.998001762096135,-0.5896798230522275,-0.046656372281016524,-0.0005010190041840358,-0.04615535327683249
2019-02-19,0.008605006384480503,0.016074399901715195,-1.9152721337418693e-05,0.0008,0.41608273055042233,0.9979826476464912,-0.5830761872146213,-0.0626788257941908,-0.00046497249325453825,-0.06221385330093627
2019-02-20,0.009110080278295539,-0.04146652831027465,-8.46717812599671e-05,0.0008,0.39882922422463685,0.9978981466780485,-0.6003307295916736,0.03135606192053483,-0.0002958684291014917,0.03165193034963633
2019-02-21,0.008236095434233945,0.014630971369513768,-7.172461263947399e-05,0.0008,0.40466448318559295,0.9978265728200244,-0.5944540923159185,0.04679499018250484,-0.0001976749176118147,0.046992665100116654
2019-02-22,0.009877245911484575,-0.005371875449863598,-2.5103551160080845e-05,0.0008,0.40249067598293653,0.9978015238296047,-0.5966225082136974,0.062347883242346316,-0.00016886289002480883,0.06251674613237113
2019-02-25,0.008708311424516396,-0.002355620284925306,-6.040944978247202e-05,0.0008,0.4015425607820978,0.9977412471885581,-0.5975484005361439,0.11843262355566049,-3.842823722492411e-05,0.11847105179288542
2019-02-26,0.0096464026065777,-0.022887901907818295,-5.5441469677477744e-05,0.0008,0.392352094039103,0.9976859309474561,-0.6067378702368746,0.2087193752541723,9.702803245322954e-05,0.20862234722171907
2019-02-27,0.008531270585859155,0.014374407004088015,-4.586146699794254e-05,0.0008,0.3979919227277273,0.9976401756070596,-0.6010666646563717,0.22232327270373903,0.00022023564233097465,0.22210303706140805
2019-02-28,0.009760217942306732,0.0019777438019506753,-7.00788498389141e-06,0.0008,0.39877904878612846,0.9976331842594537,-0.6002748754973067,0.27215894156909154,0.0002821631014737896,0.27187677846761776
2019-03-01,0.007743260900253601,0.012547398061827753,-1.9730570510057134e-05,0.0008,0.40378268824996505,0.9976135003875685,-0.5952513793236587,0.2371178023797463,0.0003735416400510743,0.23674426073969523
2019-03-04,0.009988518901221521,-0.023063940488958077,-3.4914290390052036e-05,0.0008,0.3944698683576963,0.9975786694201189,-0.6045726713593454,0.2894026699582673,0.00045986093195047516,0.2889428090263168
2019-03-05,0.008374545864544935,0.003137945188264019,-9.447311670630765e-06,0.0008,0.3957076931830245,0.9975692449835128,-0.603328094593008,0.2822245475149562,0.0005128969485708359,0.28171165056638536
2019-03-06,0.009879808698216124,-0.013427159034226857,-6.766521395539006e-05,0.0008,0.390394463055589,0.9975017442471157,-0.6086277890669284,0.3581232095667138,0.0006741679389562806,0.3574490416277575
2019-03-07,0.008604806370979707,-0.0010023438504867133,1.6911167897091556e-05,0.0008,0.3900031535662812,0.9975186131665903,-0.6090266904110904,0.34448974712209934,0.0006830017225864191,0.34380674539951295
2019-03-08,0.010215961753656242,0.054696441076948515,8.449662320554964e-05,0.0008,0.41133493807514343,0.9976029001209876,-0.587676681748562,0.2827777390654425,0.000608482044264697,0.2821692570211778
2019-03-11,0.008289333524490834,0.02981953267992743,2.6490914832327153e-05,0.0008,0.42360075370347117,0.9976293275344513,-0.5753926413226431,0.2031688206424899,0.0006726438411674157,0.20249617680132248
2019-03-12,0.009823584815496713,0.009405941601727466,3.713449541035781e-06,0.0008,0.4275851176552537,0.9976330321806197,-0.5714004008862448,0.2174920327012834,0.0007366057263296672,0.21675542697495373
2019-03-13,0.009111678019122481,0.050313215266934254,7.00393514934549e-05,0.0008,0.44909829972477994,0.997702905751222,-0.549867703966813,0.12169660400011195,0.0007014971459495777,0.12099510685416237
2019-03-14,0.009852929606393777,0.05599058886938698,8.001249536310305e-05,0.0008,0.4742435779866108,0.9977827344503422,-0.5247025613768895,0.07315963761361345,0.0006225126861770374,0.07253712492743641
2019-03-15,0.008879086208209786,0.02579099028293801,7.732853951412797e-05,0.0008,0.48647478949820927,0.9978598915319496,-0.5124818688209263,0.0052055436538165365,0.0005349074111349028,0.004670636242681634
2019-03-18,0.008883313404455556,0.04282964621244314,5.4905504643366906e-05,0.0008,0.5073103326236903,0.9979146795328575,-0.49162955207636416,-0.020176890478379544,0.0004753531140781115,-0.020652243592457657
2019-03-19,0.00783493601117566,-0.015342838882568119,7.16203892463212e-05,0.0008,0.499526751926783,0.9979861505706403,-0.4994652464453964,-0.02003516232420357,0.00039021625282418724,-0.020425378577027756
2019-03-20,0.009566147054767089,0.018224748757902837,5.136975704783768e-05,0.0008,0.5086305014784999,0.9980374168767323,-0.49036930592220385,-0.028070975222115113,0.00031555391204757076,-0.02838652913416268
2019-03-22,0.008745131408028189,-0.0024465375849305727,4.356382615059334e-05,0.0008,0.5073861178397907,0.998080895205253,-0.4916382827511713,-0.027352383091473302,0.000263995395742405,-0.027616378487215706
2019-03-25,0.00975930316822429,0.04497100436938738,9.351219659195476e-05,0.0008,0.5302037811621304,0.9981742279421401,-0.46882641695206734,-0.04053332765996916,0.00017318534266215553,-0.04070651300263131
2019-03-26,0.008959251885438545,-0.011030739603856829,2.5739149374790984e-05,0.0008,0.5243552413151507,0.9981999200976951,-0.4746991752275122,-0.04650115400936268,0.00010997358430558089,-0.04661112759366826
2019-03-27,0.00843351415852383,0.006285930391844113,1.0021514849967351e-05,0.0008,0.5276513018626563,0.9982099235730176,-0.4714024681562291,-0.0573456657431477,2.2201976233511296e-05,-0.05736786771938121
2019-03-28,0.00830454293599674,-0.03409085231568934,9.061539284637801e-05,0.0008,0.5096632192566752,0.9983003767573854,-0.489469070509489,-0.0869177003488367,-0.00021994935195533444,-0.08669775099688136
2019-03-29,0.00904504292098111,0.021422489160902947,6.763257741464932e-05,0.0008,0.5205814740469122,0.9983678943848996,-0.47856749303056706,-0.18186041552351057,-0.0004387326023531647,-0.1814216829211574
2019-04-01,0.008403991987006138,-0.03232815077450408,3.495415608690847e-05,0.0008,0.5037520376635101,0.9984027914921121,-0.4954420781309585,-0.21266195247265682,-0.0006445079666056199,-0.2120174445060512
2019-04-02,0.008703717319960233,0.010296789375270848,1.0770888093198614e-06,0.0008,0.5089390662926947,0.9984038668605859,-0.4902473005307767,-0.30185142173230356,-0.0008053831951742128,-0.30104603853712936
2019-04-03,0.008968918822342235,-0.039163649170150944,-1.0229004234195002e-05,0.0008,0.4890071552514234,0.9983936541832044,-0.5102060663121051,-0.35166899897878645,-0.0009476874400927396,-0.35072131153869374
2019-04-04,0.008066876945475641,0.016497166280155146,-4.6202215201164335e-06,0.0008,0.4970743876037918,0.9983890413833577,-0.5021235540455746,-0.42849510787687056,-0.0011108554010159973,-0.42738425247585454
2019-04-05,0.008899102363045046,-0.015200411498905476,-1.3482115801845097e-05,0.0008,0.4895186523666477,0.9983755809866864,-0.5096848704143381,-0.48051376094725545,-0.0012558624196701404,-0.4792578985275853
2019-04-08,0.009247375775119242,0.009875200636923924,-2.3267294524429506e-05,0.0008,0.4943527472742849,0.9983523514879976,-0.5048313889004467,-0.5548395693894455,-0.0013654289877118228,-0.5534741404017336
2019-04-09,0.00934926247708246,-0.0017090001210711067,-7.980671172879659e-06,0.0008,0.49350789836934134,0.9983443839661656,-0.5056736870610107,-0.6097675450395693,-0.0015110482807207046,-0.6082564967588486
2019-04-10,0.009103129555044158,0.03080996120757216,2.717621013951781e-06,0.0008,0.5087128575737312,0.9983470970878427,-0.4904448973131331,-0.6730970559530873,-0.0016626770098338087,-0.6714343789432535
2019-04-11,0.009744894322900126,-0.017182070318177495,-3.746329026255793e-05,0.0008,0.4999721174831383,0.9983096957207618,-0.49918134660390395,-0.7093222905431393,-0.0017505848813115514,-0.7075717056618278
2019-04-12,0.008860210891238465,-0.005158949301050952,-7.774132123288839e-05,0.0008,0.4973927866771037,0.9982320858060169,-0.5017263081906582,-0.7341891161068017,-0.0017538158446600092,-0.7324353002621417
2019-04-15,0.009365461690109489,-0.06439241430213116,-0.00015155250137430942,0.0008,0.4653644642865001,0.9980808012364608,-0.5337406914249941,-0.7328883981593668,-0.001639586134223844,-0.7312488120251429
2019-04-16,0.009854575015313997,-0.084785488475351,-0.0001512136049341739,0.0008,0.42590831086289915,0.9979298778404903,-0.5732081779287336,-0.7219127148229851,-0.001515210861596565,-0.7203975039613886
2019-04-17,0.009492943612890286,-0.06875931824776595,-0.0001709187240141873,0.0008,0.39662314577190866,0.9977593129391141,-0.6024861500880708,-0.7290991440029938,-0.0013833801711715815,-0.7277157638318222
2019-04-18,0.008973771644898742,-0.10414939383928577,-0.00015990206538363667,0.0008,0.3553150855571337,0.9975997691642194,-0.6438300242843744,-0.6994075925430318,-0.001245273735661432,-0.6981623188073703
2019-04-19,0.009782702405763332,-0.10772575846709333,-0.0001526464941751425,0.0008,0.3170384984706913,0.9974474890568666,-0.6821501864018265,-0.6849053292064989,-0.0011641426953732863,-0.6837411865111257
2019-04-22,0.008343078885860373,-0.10395600018608617,-0.00016794220676543954,0.0008,0.28408044426467566,0.9972799755244218,-0.715144742462826,-0.6553651785392731,-0.001076586129240055,-0.654288592410033
2019-04-23,0.009268391275617476,-0.10483734872228674,-0.00015864843824794645,0.0008,0.2542982036641177,0.9971217586138089,-0.7449677519647739,-0.6355921729299288,-0.000997039038825538,-0.6345951338911032
2019-04-24,0.010031351283185596,-0.1346133056417521,-0.00013296908360288292,0.0008,0.2200662818501313,0.9969891722473256,-0.7792691355372725,-0.5773626723425573,-0.0008964928323600068,-0.5764661795101973
2019-04-25,0.009271077213302682,-0.12488729711813455,-0.00015379790512021386,0.0008,0.19258279872303083,0.9968358374012064,-0.8068059037432859,-0.5367464658676411,-0.0007885954874565316,-0.5359578703801845
2019-04-26,0.009242031042661076,-0.13647671589538038,-0.00014914098585523357,0.0008,0.16629973081537053,0.9966871683216805,-0.833147514986671,-0.46632985351965395,-0.0006669391698968195,-0.46566291434975715
2019-05-07,0.00984723154594193,-0.12609149040869858,-0.0001255142687598959,0.0008,0.14533074990229508,0.9965620698605663,-0.8541678894896843,-0.3948804576478658,-0.0005241824341632285,-0.39435627521370253
2019-05-08,0.009093152720842572,-0.09026536808192656,-8.097769895585673e-05,0.0008,0.132212416268742,0.9964813705572823,-0.8673207345614478,-0.30749209818846013,-0.0004058834216974387,-0.3070862147667627
2019-05-09,0.010366081836170953,-0.059814115774060504,-3.713944330237104e-05,0.0008,0.12430424749527519,0.9964443617939185,-0.875252194441155,-0.27245119610467655,-0.0003468274219100214,-0.27210436868276655
2019-05-10,0.010241418542974017,-0.047179092518993486,-2.6652911554459047e-05,0.0008,0.11843968590219174,0.9964178036504746,-0.8811345145898876,-0.23990848900467945,-0.0003233358761500131,-0.23958515312852943
2019-05-13,0.010159270017909158,-0.0928247666363734,-3.891054569691576e-05,0.0008,0.10744554969783543,0.9963790324899924,-0.8921639795758,-0.14298448564053523,-0.00026219416709449296,-0.14272229147344073
2019-05-14,0.010113812885904626,-0.005961463515606745,-2.1626425599532626e-05,0.0008,0.10680501697339746,0.9963574843729773,-0.8928045218221937,-0.14748705635906514,-0.00023280465510839698,-0.14725425170395676
2019-05-15,0.011018171081426586,-0.06467744554199802,-7.14266973760559e-05,0.0008,0.09989714130448837,0.9962863178484627,-0.8997304896044122,-0.06302496560442584,-0.0001312715976330436,-0.0628936940067928
2019-05-16,0.009318807580915916,-0.01995180331309802,-8.029831507881603e-05,0.0008,0.09790401318964047,0.9962063177358034,-0.9017231556891161,-0.0025645977648664406,5.180712395119587e-05,-0.0026164048888176364
2019-05-17,0.010810623245595084,-0.05347847543731664,-7.902824986469868e-05,0.0008,0.09266825582506355,0.9961275892940086,-0.9069714996140796,0.09383527071660967,0.00022248286482116328,0.0936127878517885
2019-05-20,0.009772382186384748,0.0036686720879616744,-3.233591147298614e-05,0.0008,0.09300822526864906,0.9960953786004654,-0.9066271892563867,0.09752212857691955,0.0002803934242678239,0.09724173515265173
2019-05-21,0.010926165964969472,-0.040787394191715724,-4.582035350130046e-05,0.0008,0.08921466212154477,0.9960497371580969,-0.9104315188355054,0.1967109122329896,0.00037567146008667937,0.1963352407729029
2019-05-22,0.010349690772684305,-0.0052173085297317085,-2.740681321951066e-05,0.0008,0.08874920170388091,0.9960224386089932,-0.9108963831900969,0.23045965155760806,0.0004301754747417153,0.23002947608286634
2019-05-23,0.011274811312676764,-0.009089939039714865,1.7319810608876865e-05,0.0008,0.08794247687056927,0.996039689528992,-0.9117078588382803,0.263140963834393,0.0004087887755921976,0.2627321750588008
2019-05-24,0.00979609370248109,0.04111398998293575,3.7373771689997625e-05,0.0008,0.09155814298370042,0.9960769152889427,-0.9080812519812878,0.21147696799923987,0.0003806047665429551,0.21109636323269693
2019-05-27,0.010133718477644904,-0.01224070697462947,2.1938341871527546e-05,0.0008,0.09043740658429572,0.9960987675648407,-0.9092083942585456,0.22494337505174794,0.00037176615038727207,0.22457160890136066
2019-05-28,0.01118847082497068,-0.0045601348011151,-3.1538417908728433e-06,0.0008,0.09002499981920808,0.9960956260269198,-0.9096221311820366,0.27480954106238165,0.00046502068347263365,0.274344520378909
2019-05-29,0.010933902164091642,0.022854798387667147,2.2248559234020685e-05,0.0008,0.09208250303992586,0.9961177877194582,-0.9075586198990159,0.2976286822358602,0.0005377733445834395,0.29709090889127676
2019-05-30,0.009860958800309497,-0.011183923007265149,7.770158409303209e-06,0.0008,0.09105265941561108,0.9961255277124632,-0.908593187422164,0.36152188644215055,0.0006130347688500551,0.3609088516733005
2019-05-31,0.011107875639363626,0.027988946292594605,3.0122749112266048e-05,0.0008,0.09360112740979253,0.9961555337518188,-0.9060376374588185,0.3826057279345963,0.0006975824400887731,0.3819081454945075
2019-06-03,0.009558628745624579,0.04328795473489612,0.00010278973985392595,0.0008,0.09765292877624286,0.9962579283199873,-0.9019802743844485,0.348423804563877,0.0006663328623550959,0.3477574717015219
2019-06-04,0.01049740319180318,0.038000682288848585,9.162516173773631e-05,0.0008,0.10136380669724443,0.9963492106138021,-0.8982647794393301,0.3050819039459725,0.0006142235447355521,0.30446768040123695
2019-06-05,0.009900967163535822,0.0070516163318513955,2.5559894558314313e-05,0.0008,0.10207858537200935,0.9963746771945685,-0.8975500003076897,0.3027032433028184,0.0006348950376166099,0.3020683482652018
2019-06-06,0.010423210222599974,0.04590163845772941,4.94266100218533e-05,0.0008,0.10676415969203179,0.996423924617174,-0.892852673390946,0.25894641585279865,0.000619344224253558,0.25832707162854507
2019-06-07,0.009632839976975833,0.02283680328280952,2.7075240301586878e-05,0.0008,0.10920231180457318,0.9964509030343752,-0.8904087381806447,0.2465023074662357,0.0006455734053207304,0.24585673406091496
2019-06-10,0.010084963387435161,0.017228876940522074,-4.058062717521187e-06,0.0008,0.11108374499627469,0.9964468593741158,-0.8885201514247852,0.2534849365531338,0.000704334202187497,0.2527806023509463
2019-06-11,0.008146790031654647,-0.0014688336150881567,9.200226327250412e-06,0.0008,0.11092058145753426,0.9964560269107451,-0.8886849208976989,0.2614587274547668,0.0007035183994433449,0.26075520905532346
2019-06-12,0.009737276804351333,-0.001261077100406708,1.3102894624664996e-05,0.0008,0.11078070205229437,0.9964690833690638,-0.8888267544862057,0.2816088995758977,0.0007048422840426319,0.2809040572918551
2019-06-13,0.010400213229982158,0.03596318291511286,9.00657412990159e-05,0.0008,0.11476472870366565,0.996558831095739,-0.8848389827849108,0.19293418350462163,0.0005197304562947603,0.19241445304832688
2019-06-14,0.01004804619945099,0.04116393970843805,9.496902246711872e-05,0.0008,0.11948889707667859,0.9966534733137592,-0.8801098874622976,0.12779310645118028,0.00037168845754138933,0.12742141799363887
2019-06-17,0.009656765933405859,0.03750383212226913,8.299171532091365e-05,0.0008,0.12397018861311744,0.9967361872950901,-0.8756238709968546,0.07310003155186658,0.00024950187570736183,0.07285052967615921
2019-06-18,0.010288112185595685,0.04390786483180099,0.00011462116669130746,0.0008,0.1294134548979151,0.9968504343597613,-0.8701776611242263,0.0179487082536503,0.0001062138655739394,0.01784249438807636
2019-06-19,0.008799418584363217,0.017494926251196866,7.155873618421943e-05,0.0008,0.1316775337472667,0.9969217677170087,-0.8679158806524873,-0.002232564467028586,8.95629873648477e-06,-0.002241520765765071
2019-06-20,0.009745304425133982,0.004636600268929734,3.9545771802490884e-05,0.0008,0.13228806983565128,0.9969611917577398,-0.8673087067688016,-0.01809346910910639,-3.453928189063653e-05,-0.018058929827215756
2019-06-21,0.010811408148427421,0.0052161498847644126,4.621922635240505e-05,0.0008,0.13297810423588022,0.9970072705327262,-0.8666227336889664,-0.03656619724712377,-9.41598436282041e-05,-0.03647203740349556
2019-06-24,0.009523089686048043,0.010770584812958856,3.388489539238956e-05,0.0008,0.13441035618581926,0.9970410540197937,-0.8651907505273589,-0.06094104959188825,-0.0001428743195385695,-0.06079817527234968
2019-06-25,0.009661016840460524,0.01272653021515494,5.328889625361856e-05,0.0008,0.13612093364504782,0.997094185237082,-0.8634823714144096,-0.07229521255229657,-0.00021302205321317247,-0.07208219049908339
2019-06-26,0.009824439051909809,0.022927167189655765,5.466458591406636e-05,0.0008,0.13924180104873987,0.9971486909778353,-0.8603600422799583,-0.10409862638280921,-0.0003017484357002875,-0.10379687794710893
2019-06-27,0.009253391231308422,0.004883120443020557,8.384990276017942e-06,0.0008,0.13992173553396398,0.997157052059913,-0.8596793401351215,-0.11901585758685312,-0.0003356277715833638,-0.11868022981526977
2019-06-28,0.009642465514096945,0.01469248583629384,1.4425865836170474e-05,0.0008,0.14197753365148638,0.9971714369137635,-0.8576197347861211,-0.16858024670350305,-0.00044152596342719676,-0.16813872074007585
2019-07-01,0.010026132366163428,-0.035715268393778685,-9.49323641956765e-05,0.0008,0.1369067679312368,0.9970767730717489,-0.862691849184832,-0.18807085444183755,-0.0004311811140173469,-0.1876396733278202
2019-07-02,0.00928168466053452,-0.01568960792196173,-5.3010126419445274e-05,0.0008,0.1347587544205327,0.9970239179059585,-0.8648389953336671,-0.21844582436426835,-0.0005166189274770277,-0.2179292054367913
2019-07-03,0.00921607185942764,-0.012810604518636718,-3.915960475137689e-05,0.0008,0.13303241331222718,0.9969848748434056,-0.8665652642592775,-0.27466462795073066,-0.000622547923357088,-0.27404208002737357
2019-07-04,0.00936105660660442,-0.009743144816973246,-2.8647521474533238e-05,0.0008,0.1317362592439747,0.9969563136977937,-0.8678615527742094,-0.3116851183643157,-0.0007602815047974194,-0.3109248368595183
2019-07-05,0.008417999607200065,-0.0026773500453271546,-2.569546053766939e-05,0.0008,0.1313835551643166,0.9969306964461773,-0.8682119472971713,-0.3715272251479651,-0.0009028857974883492,-0.37062433935047673
2019-07-08,0.009286426046693932,-0.011333499324764794,-3.951139319627445e-06,0.0008,0.1298945197305766,0.9969267574341036,-0.8697050522899997,,,
2019-07-09,0.01009299176455425,-0.013695104977669278,-1.3406150419127522e-05,0.0008,0.12811560064684244,0.9969133924840367,-0.8714877324221583,,,
2019-07-10,0.009827615783712173,-0.014801886994495996,-1.4835818737679547e-05,0.0008,0.12621924800383588,0.9968986024576486,-0.8733880780927286,,,
2019-07-11,0.009453190046446881,0.0004816524538656951,-1.6872599792220235e-05,0.0008,0.12628004181436203,0.9968817821864959,-0.8733249578125627,,,
2019-07-12,0.009799028977492241,-0.012140643666543535,-3.408555250073509e-05,0.0008,0.12474692082449765,0.9968478029201722,-0.8748586088477466,,,
2019-07-16,0.008768930868031745,-0.011848714424211952,-2.5504855892905064e-05,0.0008,0.1232688301843484,0.9968223784606115,-0.8763382194782666,,,
2019-07-17,0.009508367758359419,-0.04239436826300016,-9.150940850086609e-05,0.0008,0.1180429260021639,0.9967311598343781,-0.8815699450774885,,,
2019-07-18,0.010099440098705106,-0.05832057140382122,-8.458392774348316e-05,0.0008,0.11115859510753873,0.996646852397975,-0.8884674196882413,,,
2019-07-19,0.009845117240979926,-0.05251350901883963,-0.00013848026391898396,0.0008,0.10532126722083744,0.9965088364788209,-0.8943097508367395,,,
2019-07-22,0.008875791118062443,-0.08382117353269322,-0.0001451392035604678,0.0008,0.09649311500443647,0.9963642039799534,-0.9031547755138162,,,
2019-07-23,0.00977089264763644,-0.060284998733067745,-0.00016646295390048527,0.0008,0.09067602768864426,0.9961983462513982,-0.9089779379479501,,,
2019-07-24,0.00859000212728326,-0.08938459713333727,-0.00016840458805587866,0.0005,0.08257098748404346,0.9960305818792758,-0.9170999475455348,,,
